status	slug	lens_system_type	display_name	datasheet_path	reasons
ready	canon-eos-1000d	interchangeable	Canon EOS 1000D	catalog/data_sheets/canon/canon-eos-1000d/datasheet.yaml	
ready	canon-eos-100d	interchangeable	Canon EOS 100D	catalog/data_sheets/canon/canon-eos-100d/datasheet.yaml	
ready	canon-eos-10d	interchangeable	Canon EOS 10D	catalog/data_sheets/canon/canon-eos-10d/datasheet.yaml	
ready	canon-eos-1100d	interchangeable	Canon EOS 1100D	catalog/data_sheets/canon/canon-eos-1100d/datasheet.yaml	
ready	canon-eos-1200d	interchangeable	Canon EOS 1200D	catalog/data_sheets/canon/canon-eos-1200d/datasheet.yaml	
ready	canon-eos-1300d	interchangeable	Canon EOS 1300D	catalog/data_sheets/canon/canon-eos-1300d/datasheet.yaml	
ready	canon-eos-1d	interchangeable	Canon EOS-1D	catalog/data_sheets/canon/canon-eos-1d/datasheet.yaml	
ready	canon-eos-1d-c	interchangeable	Canon EOS-1D C	catalog/data_sheets/canon/canon-eos-1d-c/datasheet.yaml	
ready	canon-eos-1d-mark-ii	interchangeable	Canon EOS-1D Mark II	catalog/data_sheets/canon/canon-eos-1d-mark-ii/datasheet.yaml	
ready	canon-eos-1d-mark-ii-n	interchangeable	Canon EOS-1D Mark II N	catalog/data_sheets/canon/canon-eos-1d-mark-ii-n/datasheet.yaml	
ready	canon-eos-1d-mark-iii	interchangeable	Canon EOS-1D Mark III	catalog/data_sheets/canon/canon-eos-1d-mark-iii/datasheet.yaml	
ready	canon-eos-1d-mark-iv	interchangeable	Canon EOS-1D Mark IV	catalog/data_sheets/canon/canon-eos-1d-mark-iv/datasheet.yaml	
ready	canon-eos-1d-x	interchangeable	Canon EOS-1D X	catalog/data_sheets/canon/canon-eos-1d-x/datasheet.yaml	
ready	canon-eos-1d-x-mark-ii	interchangeable	Canon EOS-1D X Mark II	catalog/data_sheets/canon/canon-eos-1d-x-mark-ii/datasheet.yaml	
ready	canon-eos-1d-x-mark-iii	interchangeable	Canon EOS-1D X Mark III	catalog/data_sheets/canon/canon-eos-1d-x-mark-iii/datasheet.yaml	
ready	canon-eos-1ds	interchangeable	Canon EOS-1Ds	catalog/data_sheets/canon/canon-eos-1ds/datasheet.yaml	
ready	canon-eos-1ds-mark-ii	interchangeable	Canon EOS-1Ds Mark II	catalog/data_sheets/canon/canon-eos-1ds-mark-ii/datasheet.yaml	
ready	canon-eos-1ds-mark-iii	interchangeable	Canon EOS-1Ds Mark III	catalog/data_sheets/canon/canon-eos-1ds-mark-iii/datasheet.yaml	
ready	canon-eos-2000d	interchangeable	Canon EOS 2000D	catalog/data_sheets/canon/canon-eos-2000d/datasheet.yaml	
ready	canon-eos-200d	interchangeable	Canon EOS 200D	catalog/data_sheets/canon/canon-eos-200d/datasheet.yaml	
ready	canon-eos-20d	interchangeable	Canon EOS 20D	catalog/data_sheets/canon/canon-eos-20d/datasheet.yaml	
ready	canon-eos-20da	interchangeable	Canon EOS 20Da	catalog/data_sheets/canon/canon-eos-20da/datasheet.yaml	
ready	canon-eos-250d	interchangeable	Canon EOS 250D	catalog/data_sheets/canon/canon-eos-250d/datasheet.yaml	
ready	canon-eos-300d	interchangeable	Canon EOS 300D	catalog/data_sheets/canon/canon-eos-300d/datasheet.yaml	
ready	canon-eos-30d	interchangeable	Canon EOS 30D	catalog/data_sheets/canon/canon-eos-30d/datasheet.yaml	
ready	canon-eos-350d	interchangeable	Canon EOS 350D	catalog/data_sheets/canon/canon-eos-350d/datasheet.yaml	
ready	canon-eos-4000d	interchangeable	Canon EOS 4000D	catalog/data_sheets/canon/canon-eos-4000d/datasheet.yaml	
ready	canon-eos-400d	interchangeable	Canon EOS 400D	catalog/data_sheets/canon/canon-eos-400d/datasheet.yaml	
ready	canon-eos-40d	interchangeable	Canon EOS 40D	catalog/data_sheets/canon/canon-eos-40d/datasheet.yaml	
ready	canon-eos-450d	interchangeable	Canon EOS 450D	catalog/data_sheets/canon/canon-eos-450d/datasheet.yaml	
ready	canon-eos-500d	interchangeable	Canon EOS 500D	catalog/data_sheets/canon/canon-eos-500d/datasheet.yaml	
ready	canon-eos-50d	interchangeable	Canon EOS 50D	catalog/data_sheets/canon/canon-eos-50d/datasheet.yaml	
ready	canon-eos-550d	interchangeable	Canon EOS 550D	catalog/data_sheets/canon/canon-eos-550d/datasheet.yaml	
ready	canon-eos-5d	interchangeable	Canon EOS 5D	catalog/data_sheets/canon/canon-eos-5d/datasheet.yaml	
ready	canon-eos-5d-mark-ii	interchangeable	Canon EOS 5D Mark II	catalog/data_sheets/canon/canon-eos-5d-mark-ii/datasheet.yaml	
ready	canon-eos-5d-mark-iii	interchangeable	Canon EOS 5D Mark III	catalog/data_sheets/canon/canon-eos-5d-mark-iii/datasheet.yaml	
ready	canon-eos-5d-mark-iv	interchangeable	Canon EOS 5D Mark IV	catalog/data_sheets/canon/canon-eos-5d-mark-iv/datasheet.yaml	
ready	canon-eos-5ds	interchangeable	Canon EOS 5DS	catalog/data_sheets/canon/canon-eos-5ds/datasheet.yaml	
ready	canon-eos-600d	interchangeable	Canon EOS 600D	catalog/data_sheets/canon/canon-eos-600d/datasheet.yaml	
ready	canon-eos-60d	interchangeable	Canon EOS 60D	catalog/data_sheets/canon/canon-eos-60d/datasheet.yaml	
ready	canon-eos-60da	interchangeable	Canon EOS 60Da	catalog/data_sheets/canon/canon-eos-60da/datasheet.yaml	
ready	canon-eos-650d	interchangeable	Canon EOS 650D	catalog/data_sheets/canon/canon-eos-650d/datasheet.yaml	
ready	canon-eos-6d	interchangeable	Canon EOS 6D	catalog/data_sheets/canon/canon-eos-6d/datasheet.yaml	
ready	canon-eos-6d-mark-ii	interchangeable	Canon EOS 6D Mark II	catalog/data_sheets/canon/canon-eos-6d-mark-ii/datasheet.yaml	
ready	canon-eos-700d	interchangeable	Canon EOS 700D	catalog/data_sheets/canon/canon-eos-700d/datasheet.yaml	
ready	canon-eos-70d	interchangeable	Canon EOS 70D	catalog/data_sheets/canon/canon-eos-70d/datasheet.yaml	
ready	canon-eos-750d	interchangeable	Canon EOS 750D	catalog/data_sheets/canon/canon-eos-750d/datasheet.yaml	
ready	canon-eos-760d	interchangeable	Canon EOS 760D	catalog/data_sheets/canon/canon-eos-760d/datasheet.yaml	
ready	canon-eos-77d	interchangeable	Canon EOS 77D	catalog/data_sheets/canon/canon-eos-77d/datasheet.yaml	
ready	canon-eos-7d	interchangeable	Canon EOS 7D	catalog/data_sheets/canon/canon-eos-7d/datasheet.yaml	
ready	canon-eos-7d-mark-ii	interchangeable	Canon EOS 7D Mark II	catalog/data_sheets/canon/canon-eos-7d-mark-ii/datasheet.yaml	
ready	canon-eos-800d	interchangeable	Canon EOS 800D	catalog/data_sheets/canon/canon-eos-800d/datasheet.yaml	
ready	canon-eos-80d	interchangeable	Canon EOS 80D	catalog/data_sheets/canon/canon-eos-80d/datasheet.yaml	
ready	canon-eos-850d	interchangeable	Canon EOS 850D	catalog/data_sheets/canon/canon-eos-850d/datasheet.yaml	
ready	canon-eos-90d	interchangeable	Canon EOS 90D	catalog/data_sheets/canon/canon-eos-90d/datasheet.yaml	
ready	canon-eos-d2000	interchangeable	Canon EOS D2000	catalog/data_sheets/canon/canon-eos-d2000/datasheet.yaml	
ready	canon-eos-d30	interchangeable	Canon EOS D30	catalog/data_sheets/canon/canon-eos-d30/datasheet.yaml	
ready	canon-eos-d60	interchangeable	Canon EOS D60	catalog/data_sheets/canon/canon-eos-d60/datasheet.yaml	
ready	canon-eos-d6000	interchangeable	Canon EOS D6000	catalog/data_sheets/canon/canon-eos-d6000/datasheet.yaml	
ready	canon-eos-dcs-1	interchangeable	Canon EOS・DCS 1	catalog/data_sheets/canon/canon-eos-dcs-1/datasheet.yaml	
ready	canon-eos-dcs-3	interchangeable	Canon EOS・DCS 3	catalog/data_sheets/canon/canon-eos-dcs-3/datasheet.yaml	
ready	canon-eos-dcs-5	interchangeable	Canon EOS DCS 5	catalog/data_sheets/canon/canon-eos-dcs-5/datasheet.yaml	
ready	canon-eos-m	interchangeable	Canon EOS M	catalog/data_sheets/canon/canon-eos-m/datasheet.yaml	
ready	canon-eos-m10	interchangeable	Canon EOS M10	catalog/data_sheets/canon/canon-eos-m10/datasheet.yaml	
ready	canon-eos-m100	interchangeable	Canon EOS M100	catalog/data_sheets/canon/canon-eos-m100/datasheet.yaml	
ready	canon-eos-m2	interchangeable	Canon EOS M2	catalog/data_sheets/canon/canon-eos-m2/datasheet.yaml	
ready	canon-eos-m200	interchangeable	Canon EOS M200	catalog/data_sheets/canon/canon-eos-m200/datasheet.yaml	
ready	canon-eos-m3	interchangeable	Canon EOS M3	catalog/data_sheets/canon/canon-eos-m3/datasheet.yaml	
ready	canon-eos-m5	interchangeable	Canon EOS M5	catalog/data_sheets/canon/canon-eos-m5/datasheet.yaml	
ready	canon-eos-m50	interchangeable	Canon EOS M50	catalog/data_sheets/canon/canon-eos-m50/datasheet.yaml	
ready	canon-eos-m50-mark-ii	interchangeable	Canon EOS M50 Mark II	catalog/data_sheets/canon/canon-eos-m50-mark-ii/datasheet.yaml	
ready	canon-eos-m6	interchangeable	Canon EOS M6	catalog/data_sheets/canon/canon-eos-m6/datasheet.yaml	
ready	canon-eos-m6-mark-ii	interchangeable	Canon EOS M6 Mark II	catalog/data_sheets/canon/canon-eos-m6-mark-ii/datasheet.yaml	
ready	canon-eos-r	interchangeable	Canon EOS R	catalog/data_sheets/canon/canon-eos-r/datasheet.yaml	
ready	canon-eos-r1	interchangeable	Canon EOS R1	catalog/data_sheets/canon/canon-eos-r1/datasheet.yaml	
ready	canon-eos-r10	interchangeable	Canon EOS R10	catalog/data_sheets/canon/canon-eos-r10/datasheet.yaml	
ready	canon-eos-r100	interchangeable	Canon EOS R100	catalog/data_sheets/canon/canon-eos-r100/datasheet.yaml	
ready	canon-eos-r3	interchangeable	Canon EOS R3	catalog/data_sheets/canon/canon-eos-r3/datasheet.yaml	
ready	canon-eos-r5	interchangeable	Canon EOS R5	catalog/data_sheets/canon/canon-eos-r5/datasheet.yaml	
ready	canon-eos-r5-mark-ii	interchangeable	Canon EOS R5 Mark II	catalog/data_sheets/canon/canon-eos-r5-mark-ii/datasheet.yaml	
ready	canon-eos-r50	interchangeable	Canon EOS R50	catalog/data_sheets/canon/canon-eos-r50/datasheet.yaml	
ready	canon-eos-r50-v	interchangeable	Canon EOS R50 V	catalog/data_sheets/canon/canon-eos-r50-v/datasheet.yaml	
ready	canon-eos-r6	interchangeable	Canon EOS R6	catalog/data_sheets/canon/canon-eos-r6/datasheet.yaml	
ready	canon-eos-r6-ii	interchangeable	Canon EOS R6 Mark II	catalog/data_sheets/canon/canon-eos-r6-ii/datasheet.yaml	
ready	canon-eos-r6-mark-iii	interchangeable	Canon EOS R6 Mark III	catalog/data_sheets/canon/canon-eos-r6-mark-iii/datasheet.yaml	
ready	canon-eos-r7	interchangeable	Canon EOS R7	catalog/data_sheets/canon/canon-eos-r7/datasheet.yaml	
ready	canon-eos-r8	interchangeable	Canon EOS R8	catalog/data_sheets/canon/canon-eos-r8/datasheet.yaml	
ready	canon-eos-ra	interchangeable	Canon EOS Ra	catalog/data_sheets/canon/canon-eos-ra/datasheet.yaml	
ready	canon-eos-rp	interchangeable	Canon EOS RP	catalog/data_sheets/canon/canon-eos-rp/datasheet.yaml	
ready	canon-powershot-30	fixed	Canon PowerShot 30	catalog/data_sheets/canon/canon-powershot-30/datasheet.yaml	
ready	canon-powershot-30t	fixed	Canon PowerShot 30T	catalog/data_sheets/canon/canon-powershot-30t/datasheet.yaml	
ready	canon-powershot-350	fixed	Canon PowerShot 350	catalog/data_sheets/canon/canon-powershot-350/datasheet.yaml	
ready	canon-powershot-600	fixed	Canon PowerShot 600	catalog/data_sheets/canon/canon-powershot-600/datasheet.yaml	
ready	canon-powershot-600n	fixed	Canon PowerShot 600N	catalog/data_sheets/canon/canon-powershot-600n/datasheet.yaml	
ready	canon-powershot-a10	fixed	Canon PowerShot A10	catalog/data_sheets/canon/canon-powershot-a10/datasheet.yaml	
ready	canon-powershot-a100	fixed	Canon PowerShot A100	catalog/data_sheets/canon/canon-powershot-a100/datasheet.yaml	
ready	canon-powershot-a1000-is	fixed	Canon PowerShot A1000 IS	catalog/data_sheets/canon/canon-powershot-a1000-is/datasheet.yaml	
ready	canon-powershot-a1100-is	fixed	Canon PowerShot A1100 IS	catalog/data_sheets/canon/canon-powershot-a1100-is/datasheet.yaml	
ready	canon-powershot-a1200	fixed	Canon PowerShot A1200	catalog/data_sheets/canon/canon-powershot-a1200/datasheet.yaml	
ready	canon-powershot-a1300	fixed	Canon PowerShot A1300	catalog/data_sheets/canon/canon-powershot-a1300/datasheet.yaml	
ready	canon-powershot-a1400	fixed	Canon PowerShot A1400	catalog/data_sheets/canon/canon-powershot-a1400/datasheet.yaml	
ready	canon-powershot-a20	fixed	Canon PowerShot A20	catalog/data_sheets/canon/canon-powershot-a20/datasheet.yaml	
ready	canon-powershot-a200	fixed	Canon PowerShot A200	catalog/data_sheets/canon/canon-powershot-a200/datasheet.yaml	
ready	canon-powershot-a2000-is	fixed	Canon PowerShot A2000 IS	catalog/data_sheets/canon/canon-powershot-a2000-is/datasheet.yaml	
ready	canon-powershot-a2100-is	fixed	Canon PowerShot A2100 IS	catalog/data_sheets/canon/canon-powershot-a2100-is/datasheet.yaml	
ready	canon-powershot-a2200	fixed	Canon PowerShot A2200	catalog/data_sheets/canon/canon-powershot-a2200/datasheet.yaml	
ready	canon-powershot-a2300	fixed	Canon PowerShot A2300	catalog/data_sheets/canon/canon-powershot-a2300/datasheet.yaml	
ready	canon-powershot-a2400-is	fixed	Canon PowerShot A2400 IS	catalog/data_sheets/canon/canon-powershot-a2400-is/datasheet.yaml	
ready	canon-powershot-a2600	fixed	Canon PowerShot A2600	catalog/data_sheets/canon/canon-powershot-a2600/datasheet.yaml	
ready	canon-powershot-a30	fixed	Canon PowerShot A30	catalog/data_sheets/canon/canon-powershot-a30/datasheet.yaml	
ready	canon-powershot-a300	fixed	Canon PowerShot A300	catalog/data_sheets/canon/canon-powershot-a300/datasheet.yaml	
ready	canon-powershot-a3000-is	fixed	Canon PowerShot A3000 IS	catalog/data_sheets/canon/canon-powershot-a3000-is/datasheet.yaml	
ready	canon-powershot-a310	fixed	Canon PowerShot A310	catalog/data_sheets/canon/canon-powershot-a310/datasheet.yaml	
ready	canon-powershot-a3100-is	fixed	Canon PowerShot A3100 IS	catalog/data_sheets/canon/canon-powershot-a3100-is/datasheet.yaml	
ready	canon-powershot-a3200-is	fixed	Canon PowerShot A3200 IS	catalog/data_sheets/canon/canon-powershot-a3200-is/datasheet.yaml	
ready	canon-powershot-a3300-is	fixed	Canon PowerShot A3300 IS	catalog/data_sheets/canon/canon-powershot-a3300-is/datasheet.yaml	
ready	canon-powershot-a3400-is	fixed	Canon PowerShot A3400 IS	catalog/data_sheets/canon/canon-powershot-a3400-is/datasheet.yaml	
ready	canon-powershot-a3500-is	fixed	Canon PowerShot A3500 IS	catalog/data_sheets/canon/canon-powershot-a3500-is/datasheet.yaml	
ready	canon-powershot-a40	fixed	Canon PowerShot A40	catalog/data_sheets/canon/canon-powershot-a40/datasheet.yaml	
ready	canon-powershot-a400	fixed	Canon PowerShot A400	catalog/data_sheets/canon/canon-powershot-a400/datasheet.yaml	
ready	canon-powershot-a4000-is	fixed	Canon PowerShot A4000 IS	catalog/data_sheets/canon/canon-powershot-a4000-is/datasheet.yaml	
ready	canon-powershot-a410	fixed	Canon PowerShot A410	catalog/data_sheets/canon/canon-powershot-a410/datasheet.yaml	
ready	canon-powershot-a420	fixed	Canon PowerShot A420	catalog/data_sheets/canon/canon-powershot-a420/datasheet.yaml	
ready	canon-powershot-a430	fixed	Canon PowerShot A430	catalog/data_sheets/canon/canon-powershot-a430/datasheet.yaml	
ready	canon-powershot-a450	fixed	Canon PowerShot A450	catalog/data_sheets/canon/canon-powershot-a450/datasheet.yaml	
ready	canon-powershot-a460	fixed	Canon PowerShot A460	catalog/data_sheets/canon/canon-powershot-a460/datasheet.yaml	
ready	canon-powershot-a470	fixed	Canon PowerShot A470	catalog/data_sheets/canon/canon-powershot-a470/datasheet.yaml	
ready	canon-powershot-a480	fixed	Canon PowerShot A480	catalog/data_sheets/canon/canon-powershot-a480/datasheet.yaml	
ready	canon-powershot-a490	fixed	Canon PowerShot A490	catalog/data_sheets/canon/canon-powershot-a490/datasheet.yaml	
ready	canon-powershot-a495	fixed	Canon PowerShot A495	catalog/data_sheets/canon/canon-powershot-a495/datasheet.yaml	
ready	canon-powershot-a5	fixed	Canon PowerShot A5	catalog/data_sheets/canon/canon-powershot-a5/datasheet.yaml	
ready	canon-powershot-a5-zoom	fixed	Canon PowerShot A5 Zoom	catalog/data_sheets/canon/canon-powershot-a5-zoom/datasheet.yaml	
ready	canon-powershot-a50	fixed	Canon PowerShot A50	catalog/data_sheets/canon/canon-powershot-a50/datasheet.yaml	
ready	canon-powershot-a510	fixed	Canon PowerShot A510	catalog/data_sheets/canon/canon-powershot-a510/datasheet.yaml	
ready	canon-powershot-a520	fixed	Canon PowerShot A520	catalog/data_sheets/canon/canon-powershot-a520/datasheet.yaml	
ready	canon-powershot-a530	fixed	Canon PowerShot A530	catalog/data_sheets/canon/canon-powershot-a530/datasheet.yaml	
ready	canon-powershot-a540	fixed	Canon PowerShot A540	catalog/data_sheets/canon/canon-powershot-a540/datasheet.yaml	
ready	canon-powershot-a550	fixed	Canon PowerShot A550	catalog/data_sheets/canon/canon-powershot-a550/datasheet.yaml	
ready	canon-powershot-a560	fixed	Canon PowerShot A560	catalog/data_sheets/canon/canon-powershot-a560/datasheet.yaml	
ready	canon-powershot-a570-is	fixed	Canon PowerShot A570 IS	catalog/data_sheets/canon/canon-powershot-a570-is/datasheet.yaml	
ready	canon-powershot-a580	fixed	Canon PowerShot A580	catalog/data_sheets/canon/canon-powershot-a580/datasheet.yaml	
ready	canon-powershot-a590-is	fixed	Canon PowerShot A590 IS	catalog/data_sheets/canon/canon-powershot-a590-is/datasheet.yaml	
ready	canon-powershot-a60	fixed	Canon PowerShot A60	catalog/data_sheets/canon/canon-powershot-a60/datasheet.yaml	
ready	canon-powershot-a610	fixed	Canon PowerShot A610	catalog/data_sheets/canon/canon-powershot-a610/datasheet.yaml	
ready	canon-powershot-a620	fixed	Canon PowerShot A620	catalog/data_sheets/canon/canon-powershot-a620/datasheet.yaml	
ready	canon-powershot-a630	fixed	Canon PowerShot A630	catalog/data_sheets/canon/canon-powershot-a630/datasheet.yaml	
ready	canon-powershot-a640	fixed	Canon PowerShot A640	catalog/data_sheets/canon/canon-powershot-a640/datasheet.yaml	
ready	canon-powershot-a650-is	fixed	Canon PowerShot A650 IS	catalog/data_sheets/canon/canon-powershot-a650-is/datasheet.yaml	
ready	canon-powershot-a70	fixed	Canon PowerShot A70	catalog/data_sheets/canon/canon-powershot-a70/datasheet.yaml	
ready	canon-powershot-a700	fixed	Canon PowerShot A700	catalog/data_sheets/canon/canon-powershot-a700/datasheet.yaml	
ready	canon-powershot-a710-is	fixed	Canon PowerShot A710 IS	catalog/data_sheets/canon/canon-powershot-a710-is/datasheet.yaml	
ready	canon-powershot-a720-is	fixed	Canon PowerShot A720 IS	catalog/data_sheets/canon/canon-powershot-a720-is/datasheet.yaml	
ready	canon-powershot-a75	fixed	Canon PowerShot A75	catalog/data_sheets/canon/canon-powershot-a75/datasheet.yaml	
ready	canon-powershot-a80	fixed	Canon PowerShot A80	catalog/data_sheets/canon/canon-powershot-a80/datasheet.yaml	
ready	canon-powershot-a810	fixed	Canon PowerShot A810	catalog/data_sheets/canon/canon-powershot-a810/datasheet.yaml	
ready	canon-powershot-a85	fixed	Canon PowerShot A85	catalog/data_sheets/canon/canon-powershot-a85/datasheet.yaml	
ready	canon-powershot-a95	fixed	Canon PowerShot A95	catalog/data_sheets/canon/canon-powershot-a95/datasheet.yaml	
ready	canon-powershot-d10	fixed	Canon PowerShot D10	catalog/data_sheets/canon/canon-powershot-d10/datasheet.yaml	
ready	canon-powershot-d20	fixed	Canon PowerShot D20	catalog/data_sheets/canon/canon-powershot-d20/datasheet.yaml	
ready	canon-powershot-d30	fixed	Canon PowerShot D30	catalog/data_sheets/canon/canon-powershot-d30/datasheet.yaml	
ready	canon-powershot-e1	fixed	Canon PowerShot E1	catalog/data_sheets/canon/canon-powershot-e1/datasheet.yaml	
ready	canon-powershot-elph-100-hs	fixed	Canon IXUS 115 HS	catalog/data_sheets/canon/canon-powershot-elph-100-hs/datasheet.yaml	
ready	canon-powershot-elph-110-hs	fixed	Canon IXUS 125 HS	catalog/data_sheets/canon/canon-powershot-elph-110-hs/datasheet.yaml	
ready	canon-powershot-elph-115-is	fixed	Canon IXUS 132	catalog/data_sheets/canon/canon-powershot-elph-115-is/datasheet.yaml	
ready	canon-powershot-elph-120-is	fixed	Canon IXUS 135	catalog/data_sheets/canon/canon-powershot-elph-120-is/datasheet.yaml	
ready	canon-powershot-elph-130-is	fixed	Canon IXUS 140	catalog/data_sheets/canon/canon-powershot-elph-130-is/datasheet.yaml	
ready	canon-powershot-elph-135	fixed	Canon IXUS 145	catalog/data_sheets/canon/canon-powershot-elph-135/datasheet.yaml	
ready	canon-powershot-elph-140-is	fixed	Canon IXUS 150	catalog/data_sheets/canon/canon-powershot-elph-140-is/datasheet.yaml	
ready	canon-powershot-elph-150-is	fixed	Canon IXUS 155	catalog/data_sheets/canon/canon-powershot-elph-150-is/datasheet.yaml	
ready	canon-powershot-elph-160	fixed	Canon IXUS 160	catalog/data_sheets/canon/canon-powershot-elph-160/datasheet.yaml	
ready	canon-powershot-elph-170-is	fixed	Canon IXUS 170	catalog/data_sheets/canon/canon-powershot-elph-170-is/datasheet.yaml	
ready	canon-powershot-elph-180	fixed	Canon IXUS 175	catalog/data_sheets/canon/canon-powershot-elph-180/datasheet.yaml	
ready	canon-powershot-elph-185	fixed	Canon IXUS 185	catalog/data_sheets/canon/canon-powershot-elph-185/datasheet.yaml	
ready	canon-powershot-elph-190-is	fixed	Canon IXUS 180	catalog/data_sheets/canon/canon-powershot-elph-190-is/datasheet.yaml	
ready	canon-powershot-elph-300-hs	fixed	Canon IXUS 220 HS	catalog/data_sheets/canon/canon-powershot-elph-300-hs/datasheet.yaml	
ready	canon-powershot-elph-310-hs	fixed	Canon IXUS 230 HS	catalog/data_sheets/canon/canon-powershot-elph-310-hs/datasheet.yaml	
ready	canon-powershot-elph-320-hs	fixed	Canon IXUS 240 HS	catalog/data_sheets/canon/canon-powershot-elph-320-hs/datasheet.yaml	
ready	canon-powershot-elph-330-hs	fixed	Canon IXUS 255 HS	catalog/data_sheets/canon/canon-powershot-elph-330-hs/datasheet.yaml	
ready	canon-powershot-elph-340-hs	fixed	Canon IXUS 265 HS	catalog/data_sheets/canon/canon-powershot-elph-340-hs/datasheet.yaml	
ready	canon-powershot-elph-350-hs	fixed	Canon IXUS 275 HS	catalog/data_sheets/canon/canon-powershot-elph-350-hs/datasheet.yaml	
ready	canon-powershot-elph-360-hs	fixed	Canon IXUS 285 HS	catalog/data_sheets/canon/canon-powershot-elph-360-hs/datasheet.yaml	
ready	canon-powershot-elph-500-hs	fixed	Canon IXUS 310 HS	catalog/data_sheets/canon/canon-powershot-elph-500-hs/datasheet.yaml	
ready	canon-powershot-elph-510-hs	fixed	Canon IXUS 1100 HS	catalog/data_sheets/canon/canon-powershot-elph-510-hs/datasheet.yaml	
ready	canon-powershot-elph-520-hs	fixed	Canon IXUS 500 HS	catalog/data_sheets/canon/canon-powershot-elph-520-hs/datasheet.yaml	
ready	canon-powershot-elph-530-hs	fixed	Canon IXUS 510 HS	catalog/data_sheets/canon/canon-powershot-elph-530-hs/datasheet.yaml	
ready	canon-powershot-g1	fixed	Canon PowerShot G1	catalog/data_sheets/canon/canon-powershot-g1/datasheet.yaml	
ready	canon-powershot-g1-x	fixed	Canon PowerShot G1 X	catalog/data_sheets/canon/canon-powershot-g1-x/datasheet.yaml	
ready	canon-powershot-g1-x-mark-ii	fixed	Canon PowerShot G1 X Mark II	catalog/data_sheets/canon/canon-powershot-g1-x-mark-ii/datasheet.yaml	
ready	canon-powershot-g1-x-mark-iii	fixed	Canon PowerShot G1 X Mark III	catalog/data_sheets/canon/canon-powershot-g1-x-mark-iii/datasheet.yaml	
ready	canon-powershot-g10	fixed	Canon PowerShot G10	catalog/data_sheets/canon/canon-powershot-g10/datasheet.yaml	
ready	canon-powershot-g11	fixed	Canon PowerShot G11	catalog/data_sheets/canon/canon-powershot-g11/datasheet.yaml	
ready	canon-powershot-g12	fixed	Canon PowerShot G12	catalog/data_sheets/canon/canon-powershot-g12/datasheet.yaml	
ready	canon-powershot-g15	fixed	Canon PowerShot G15	catalog/data_sheets/canon/canon-powershot-g15/datasheet.yaml	
ready	canon-powershot-g16	fixed	Canon PowerShot G16	catalog/data_sheets/canon/canon-powershot-g16/datasheet.yaml	
ready	canon-powershot-g2	fixed	Canon PowerShot G2	catalog/data_sheets/canon/canon-powershot-g2/datasheet.yaml	
ready	canon-powershot-g2-black	fixed	Canon PowerShot G2 Black	catalog/data_sheets/canon/canon-powershot-g2-black/datasheet.yaml	
ready	canon-powershot-g3	fixed	Canon PowerShot G3	catalog/data_sheets/canon/canon-powershot-g3/datasheet.yaml	
ready	canon-powershot-g3-x	fixed	Canon PowerShot G3 X	catalog/data_sheets/canon/canon-powershot-g3-x/datasheet.yaml	
ready	canon-powershot-g5	fixed	Canon PowerShot G5	catalog/data_sheets/canon/canon-powershot-g5/datasheet.yaml	
ready	canon-powershot-g5-x	fixed	Canon PowerShot G5 X	catalog/data_sheets/canon/canon-powershot-g5-x/datasheet.yaml	
ready	canon-powershot-g5-x-mark-ii	fixed	Canon PowerShot G5 X Mark II	catalog/data_sheets/canon/canon-powershot-g5-x-mark-ii/datasheet.yaml	
ready	canon-powershot-g6	fixed	Canon PowerShot G6	catalog/data_sheets/canon/canon-powershot-g6/datasheet.yaml	
ready	canon-powershot-g7	fixed	Canon PowerShot G7	catalog/data_sheets/canon/canon-powershot-g7/datasheet.yaml	
ready	canon-powershot-g7-x	fixed	Canon PowerShot G7 X	catalog/data_sheets/canon/canon-powershot-g7-x/datasheet.yaml	
ready	canon-powershot-g7-x-mark-ii	fixed	Canon PowerShot G7 X Mark II	catalog/data_sheets/canon/canon-powershot-g7-x-mark-ii/datasheet.yaml	
ready	canon-powershot-g7-x-mark-iii	fixed	Canon PowerShot G7 X Mark III	catalog/data_sheets/canon/canon-powershot-g7-x-mark-iii/datasheet.yaml	
ready	canon-powershot-g9	fixed	Canon PowerShot G9	catalog/data_sheets/canon/canon-powershot-g9/datasheet.yaml	
ready	canon-powershot-g9-x	fixed	Canon PowerShot G9 X	catalog/data_sheets/canon/canon-powershot-g9-x/datasheet.yaml	
ready	canon-powershot-g9-x-mark-ii	fixed	Canon PowerShot G9 X Mark II	catalog/data_sheets/canon/canon-powershot-g9-x-mark-ii/datasheet.yaml	
ready	canon-powershot-n	fixed	Canon PowerShot N	catalog/data_sheets/canon/canon-powershot-n/datasheet.yaml	
ready	canon-powershot-n100	fixed	Canon PowerShot N100	catalog/data_sheets/canon/canon-powershot-n100/datasheet.yaml	
ready	canon-powershot-n2	fixed	Canon PowerShot N2	catalog/data_sheets/canon/canon-powershot-n2/datasheet.yaml	
ready	canon-powershot-pro1	fixed	Canon PowerShot Pro1	catalog/data_sheets/canon/canon-powershot-pro1/datasheet.yaml	
ready	canon-powershot-pro70	fixed	Canon PowerShot Pro70	catalog/data_sheets/canon/canon-powershot-pro70/datasheet.yaml	
ready	canon-powershot-pro90-is	fixed	Canon PowerShot Pro90 IS	catalog/data_sheets/canon/canon-powershot-pro90-is/datasheet.yaml	
ready	canon-powershot-s1-is	fixed	Canon PowerShot S1 IS	catalog/data_sheets/canon/canon-powershot-s1-is/datasheet.yaml	
ready	canon-powershot-s10	fixed	Canon PowerShot S10	catalog/data_sheets/canon/canon-powershot-s10/datasheet.yaml	
ready	canon-powershot-s100	fixed	Canon PowerShot S100	catalog/data_sheets/canon/canon-powershot-s100/datasheet.yaml	
ready	canon-powershot-s100-digital-elph	fixed	Canon IXUS	catalog/data_sheets/canon/canon-powershot-s100-digital-elph/datasheet.yaml	
ready	canon-powershot-s110	fixed	Canon PowerShot S110	catalog/data_sheets/canon/canon-powershot-s110/datasheet.yaml	
ready	canon-powershot-s110-digital-elph	fixed	Canon IXUS v	catalog/data_sheets/canon/canon-powershot-s110-digital-elph/datasheet.yaml	
ready	canon-powershot-s120	fixed	Canon PowerShot S120	catalog/data_sheets/canon/canon-powershot-s120/datasheet.yaml	
ready	canon-powershot-s2-is	fixed	Canon PowerShot S2 IS	catalog/data_sheets/canon/canon-powershot-s2-is/datasheet.yaml	
ready	canon-powershot-s20	fixed	Canon PowerShot S20	catalog/data_sheets/canon/canon-powershot-s20/datasheet.yaml	
ready	canon-powershot-s200	fixed	Canon PowerShot S200	catalog/data_sheets/canon/canon-powershot-s200/datasheet.yaml	
ready	canon-powershot-s200-digital-elph	fixed	Canon IXUS V2	catalog/data_sheets/canon/canon-powershot-s200-digital-elph/datasheet.yaml	
ready	canon-powershot-s230-digital-elph	fixed	Canon IXUS v3	catalog/data_sheets/canon/canon-powershot-s230-digital-elph/datasheet.yaml	
ready	canon-powershot-s3-is	fixed	Canon PowerShot S3 IS	catalog/data_sheets/canon/canon-powershot-s3-is/datasheet.yaml	
ready	canon-powershot-s30	fixed	Canon PowerShot S30	catalog/data_sheets/canon/canon-powershot-s30/datasheet.yaml	
ready	canon-powershot-s300-digital-elph	fixed	Canon IXUS 300	catalog/data_sheets/canon/canon-powershot-s300-digital-elph/datasheet.yaml	
ready	canon-powershot-s330-digital-elph	fixed	Canon IXUS 330	catalog/data_sheets/canon/canon-powershot-s330-digital-elph/datasheet.yaml	
ready	canon-powershot-s40	fixed	Canon PowerShot S40	catalog/data_sheets/canon/canon-powershot-s40/datasheet.yaml	
ready	canon-powershot-s400-digital-elph	fixed	Canon IXUS 400	catalog/data_sheets/canon/canon-powershot-s400-digital-elph/datasheet.yaml	
ready	canon-powershot-s410-digital-elph	fixed	Canon IXUS 430	catalog/data_sheets/canon/canon-powershot-s410-digital-elph/datasheet.yaml	
ready	canon-powershot-s45	fixed	Canon PowerShot S45	catalog/data_sheets/canon/canon-powershot-s45/datasheet.yaml	
ready	canon-powershot-s5-is	fixed	Canon PowerShot S5 IS	catalog/data_sheets/canon/canon-powershot-s5-is/datasheet.yaml	
ready	canon-powershot-s50	fixed	Canon PowerShot S50	catalog/data_sheets/canon/canon-powershot-s50/datasheet.yaml	
ready	canon-powershot-s500-digital-elph	fixed	Canon IXUS 500	catalog/data_sheets/canon/canon-powershot-s500-digital-elph/datasheet.yaml	
ready	canon-powershot-s60	fixed	Canon PowerShot S60	catalog/data_sheets/canon/canon-powershot-s60/datasheet.yaml	
ready	canon-powershot-s70	fixed	Canon PowerShot S70	catalog/data_sheets/canon/canon-powershot-s70/datasheet.yaml	
ready	canon-powershot-s80	fixed	Canon PowerShot S80	catalog/data_sheets/canon/canon-powershot-s80/datasheet.yaml	
ready	canon-powershot-s90	fixed	Canon PowerShot S90	catalog/data_sheets/canon/canon-powershot-s90/datasheet.yaml	
ready	canon-powershot-s95	fixed	Canon PowerShot S95	catalog/data_sheets/canon/canon-powershot-s95/datasheet.yaml	
ready	canon-powershot-sd10-digital-elph	fixed	Canon IXUS i	catalog/data_sheets/canon/canon-powershot-sd10-digital-elph/datasheet.yaml	
ready	canon-powershot-sd100-digital-elph	fixed	Canon IXUS II	catalog/data_sheets/canon/canon-powershot-sd100-digital-elph/datasheet.yaml	
ready	canon-powershot-sd1000-digital-elph	fixed	Canon IXUS 70	catalog/data_sheets/canon/canon-powershot-sd1000-digital-elph/datasheet.yaml	
ready	canon-powershot-sd110-digital-elph	fixed	Canon IXUS II s	catalog/data_sheets/canon/canon-powershot-sd110-digital-elph/datasheet.yaml	
ready	canon-powershot-sd1100-is-digital-elph	fixed	Canon IXUS 80 IS	catalog/data_sheets/canon/canon-powershot-sd1100-is-digital-elph/datasheet.yaml	
ready	canon-powershot-sd1200-is-digital-elph	fixed	Canon IXUS 95 IS	catalog/data_sheets/canon/canon-powershot-sd1200-is-digital-elph/datasheet.yaml	
ready	canon-powershot-sd1300-is-digital-elph	fixed	Canon IXUS 105	catalog/data_sheets/canon/canon-powershot-sd1300-is-digital-elph/datasheet.yaml	
ready	canon-powershot-sd1400-is-digital-elph	fixed	Canon IXUS 130	catalog/data_sheets/canon/canon-powershot-sd1400-is-digital-elph/datasheet.yaml	
ready	canon-powershot-sd20-digital-elph	fixed	Canon IXUS i5	catalog/data_sheets/canon/canon-powershot-sd20-digital-elph/datasheet.yaml	
ready	canon-powershot-sd200-digital-elph	fixed	Canon IXUS 30	catalog/data_sheets/canon/canon-powershot-sd200-digital-elph/datasheet.yaml	
ready	canon-powershot-sd30-digital-elph	fixed	Canon IXUS i zoom	catalog/data_sheets/canon/canon-powershot-sd30-digital-elph/datasheet.yaml	
ready	canon-powershot-sd300-digital-elph	fixed	Canon IXUS 40	catalog/data_sheets/canon/canon-powershot-sd300-digital-elph/datasheet.yaml	
ready	canon-powershot-sd3500-is-digital-elph	fixed	Canon IXUS 210	catalog/data_sheets/canon/canon-powershot-sd3500-is-digital-elph/datasheet.yaml	
ready	canon-powershot-sd40-digital-elph	fixed	Canon IXUS i7	catalog/data_sheets/canon/canon-powershot-sd40-digital-elph/datasheet.yaml	
ready	canon-powershot-sd400-digital-elph	fixed	Canon IXUS 50	catalog/data_sheets/canon/canon-powershot-sd400-digital-elph/datasheet.yaml	
ready	canon-powershot-sd4000-is-digital-elph	fixed	Canon IXUS 300 HS	catalog/data_sheets/canon/canon-powershot-sd4000-is-digital-elph/datasheet.yaml	
ready	canon-powershot-sd430-digital-elph-wireless	fixed	Canon IXUS WIRELESS	catalog/data_sheets/canon/canon-powershot-sd430-digital-elph-wireless/datasheet.yaml	
ready	canon-powershot-sd450-digital-elph	fixed	Canon IXUS 55	catalog/data_sheets/canon/canon-powershot-sd450-digital-elph/datasheet.yaml	
ready	canon-powershot-sd4500-is-digital-elph	fixed	Canon IXUS 1000 HS	catalog/data_sheets/canon/canon-powershot-sd4500-is-digital-elph/datasheet.yaml	
ready	canon-powershot-sd500-digital-elph	fixed	Canon IXUS 700	catalog/data_sheets/canon/canon-powershot-sd500-digital-elph/datasheet.yaml	
ready	canon-powershot-sd550-digital-elph	fixed	Canon IXUS 750	catalog/data_sheets/canon/canon-powershot-sd550-digital-elph/datasheet.yaml	
ready	canon-powershot-sd600-digital-elph	fixed	Canon IXUS 60	catalog/data_sheets/canon/canon-powershot-sd600-digital-elph/datasheet.yaml	
ready	canon-powershot-sd630-digital-elph	fixed	Canon IXUS 65	catalog/data_sheets/canon/canon-powershot-sd630-digital-elph/datasheet.yaml	
ready	canon-powershot-sd700-is-digital-elph	fixed	Canon IXUS 800 IS	catalog/data_sheets/canon/canon-powershot-sd700-is-digital-elph/datasheet.yaml	
ready	canon-powershot-sd750-digital-elph	fixed	Canon IXUS 75	catalog/data_sheets/canon/canon-powershot-sd750-digital-elph/datasheet.yaml	
ready	canon-powershot-sd770-is-digital-elph	fixed	Canon IXUS 85 IS	catalog/data_sheets/canon/canon-powershot-sd770-is-digital-elph/datasheet.yaml	
ready	canon-powershot-sd780-is-digital-elph	fixed	Canon IXUS 100 IS	catalog/data_sheets/canon/canon-powershot-sd780-is-digital-elph/datasheet.yaml	
ready	canon-powershot-sd790-is-digital-elph	fixed	Canon IXUS 90 IS	catalog/data_sheets/canon/canon-powershot-sd790-is-digital-elph/datasheet.yaml	
ready	canon-powershot-sd800-is-digital-elph	fixed	Canon IXUS 850 IS	catalog/data_sheets/canon/canon-powershot-sd800-is-digital-elph/datasheet.yaml	
ready	canon-powershot-sd850-is-digital-elph	fixed	Canon IXUS 950 IS	catalog/data_sheets/canon/canon-powershot-sd850-is-digital-elph/datasheet.yaml	
ready	canon-powershot-sd870-is-digital-elph	fixed	Canon IXUS 860 IS	catalog/data_sheets/canon/canon-powershot-sd870-is-digital-elph/datasheet.yaml	
ready	canon-powershot-sd880-is-digital-elph	fixed	Canon IXUS 870 IS	catalog/data_sheets/canon/canon-powershot-sd880-is-digital-elph/datasheet.yaml	
ready	canon-powershot-sd890-is-digital-elph	fixed	Canon IXUS 970 IS	catalog/data_sheets/canon/canon-powershot-sd890-is-digital-elph/datasheet.yaml	
ready	canon-powershot-sd900-digital-elph	fixed	Canon IXUS 900 Ti	catalog/data_sheets/canon/canon-powershot-sd900-digital-elph/datasheet.yaml	
ready	canon-powershot-sd940-is-digital-elph	fixed	Canon IXUS 120 IS	catalog/data_sheets/canon/canon-powershot-sd940-is-digital-elph/datasheet.yaml	
ready	canon-powershot-sd950-is-digital-elph	fixed	Canon IXUS 960 IS	catalog/data_sheets/canon/canon-powershot-sd950-is-digital-elph/datasheet.yaml	
ready	canon-powershot-sd960-is-digital-elph	fixed	Canon IXUS 110 IS	catalog/data_sheets/canon/canon-powershot-sd960-is-digital-elph/datasheet.yaml	
ready	canon-powershot-sd970-is-digital-elph	fixed	Canon IXUS 990 IS	catalog/data_sheets/canon/canon-powershot-sd970-is-digital-elph/datasheet.yaml	
ready	canon-powershot-sd980-is-digital-elph	fixed	Canon IXUS 200 IS	catalog/data_sheets/canon/canon-powershot-sd980-is-digital-elph/datasheet.yaml	
ready	canon-powershot-sd990-is-digital-elph	fixed	Canon IXUS 980 IS	catalog/data_sheets/canon/canon-powershot-sd990-is-digital-elph/datasheet.yaml	
ready	canon-powershot-sx1-is	fixed	Canon PowerShot SX1 IS	catalog/data_sheets/canon/canon-powershot-sx1-is/datasheet.yaml	
ready	canon-powershot-sx10-is	fixed	Canon PowerShot SX10 IS	catalog/data_sheets/canon/canon-powershot-sx10-is/datasheet.yaml	
ready	canon-powershot-sx100-is	fixed	Canon PowerShot SX100 IS	catalog/data_sheets/canon/canon-powershot-sx100-is/datasheet.yaml	
ready	canon-powershot-sx110-is	fixed	Canon PowerShot SX110 IS	catalog/data_sheets/canon/canon-powershot-sx110-is/datasheet.yaml	
ready	canon-powershot-sx120-is	fixed	Canon PowerShot SX120 IS	catalog/data_sheets/canon/canon-powershot-sx120-is/datasheet.yaml	
ready	canon-powershot-sx130-is	fixed	Canon PowerShot SX130 IS	catalog/data_sheets/canon/canon-powershot-sx130-is/datasheet.yaml	
ready	canon-powershot-sx150-is	fixed	Canon PowerShot SX150 IS	catalog/data_sheets/canon/canon-powershot-sx150-is/datasheet.yaml	
ready	canon-powershot-sx160-is	fixed	Canon PowerShot SX160 IS	catalog/data_sheets/canon/canon-powershot-sx160-is/datasheet.yaml	
ready	canon-powershot-sx170-is	fixed	Canon PowerShot SX170 IS	catalog/data_sheets/canon/canon-powershot-sx170-is/datasheet.yaml	
ready	canon-powershot-sx20-is	fixed	Canon PowerShot SX20 IS	catalog/data_sheets/canon/canon-powershot-sx20-is/datasheet.yaml	
ready	canon-powershot-sx200-is	fixed	Canon PowerShot SX200 IS	catalog/data_sheets/canon/canon-powershot-sx200-is/datasheet.yaml	
ready	canon-powershot-sx210-is	fixed	Canon PowerShot SX210 IS	catalog/data_sheets/canon/canon-powershot-sx210-is/datasheet.yaml	
ready	canon-powershot-sx230-hs	fixed	Canon PowerShot SX230 HS	catalog/data_sheets/canon/canon-powershot-sx230-hs/datasheet.yaml	
ready	canon-powershot-sx240-hs	fixed	Canon PowerShot SX240 HS	catalog/data_sheets/canon/canon-powershot-sx240-hs/datasheet.yaml	
ready	canon-powershot-sx260-hs	fixed	Canon PowerShot SX260 HS	catalog/data_sheets/canon/canon-powershot-sx260-hs/datasheet.yaml	
ready	canon-powershot-sx280-hs	fixed	Canon PowerShot SX280 HS	catalog/data_sheets/canon/canon-powershot-sx280-hs/datasheet.yaml	
ready	canon-powershot-sx30-is	fixed	Canon PowerShot SX30 IS	catalog/data_sheets/canon/canon-powershot-sx30-is/datasheet.yaml	
ready	canon-powershot-sx40-hs	fixed	Canon PowerShot SX40 HS	catalog/data_sheets/canon/canon-powershot-sx40-hs/datasheet.yaml	
ready	canon-powershot-sx400-is	fixed	Canon PowerShot SX400 IS	catalog/data_sheets/canon/canon-powershot-sx400-is/datasheet.yaml	
ready	canon-powershot-sx410-is	fixed	Canon PowerShot SX410 IS	catalog/data_sheets/canon/canon-powershot-sx410-is/datasheet.yaml	
ready	canon-powershot-sx420-is	fixed	Canon PowerShot SX420 IS	catalog/data_sheets/canon/canon-powershot-sx420-is/datasheet.yaml	
ready	canon-powershot-sx430-is	fixed	Canon PowerShot SX430 IS	catalog/data_sheets/canon/canon-powershot-sx430-is/datasheet.yaml	
ready	canon-powershot-sx50-hs	fixed	Canon PowerShot SX50 HS	catalog/data_sheets/canon/canon-powershot-sx50-hs/datasheet.yaml	
ready	canon-powershot-sx500-is	fixed	Canon PowerShot SX500 IS	catalog/data_sheets/canon/canon-powershot-sx500-is/datasheet.yaml	
ready	canon-powershot-sx510-hs	fixed	Canon PowerShot SX510 HS	catalog/data_sheets/canon/canon-powershot-sx510-hs/datasheet.yaml	
ready	canon-powershot-sx530-hs	fixed	Canon PowerShot SX530 HS	catalog/data_sheets/canon/canon-powershot-sx530-hs/datasheet.yaml	
ready	canon-powershot-sx60-hs	fixed	Canon PowerShot SX60 HS	catalog/data_sheets/canon/canon-powershot-sx60-hs/datasheet.yaml	
ready	canon-powershot-sx600-hs	fixed	Canon PowerShot SX600 HS	catalog/data_sheets/canon/canon-powershot-sx600-hs/datasheet.yaml	
ready	canon-powershot-sx610-hs	fixed	Canon PowerShot SX610 HS	catalog/data_sheets/canon/canon-powershot-sx610-hs/datasheet.yaml	
ready	canon-powershot-sx620-hs	fixed	Canon PowerShot SX620 HS	catalog/data_sheets/canon/canon-powershot-sx620-hs/datasheet.yaml	
ready	canon-powershot-sx70-hs	fixed	Canon PowerShot SX70 HS	catalog/data_sheets/canon/canon-powershot-sx70-hs/datasheet.yaml	
ready	canon-powershot-sx700-hs	fixed	Canon PowerShot SX700 HS	catalog/data_sheets/canon/canon-powershot-sx700-hs/datasheet.yaml	
ready	canon-powershot-sx710-hs	fixed	Canon PowerShot SX710 HS	catalog/data_sheets/canon/canon-powershot-sx710-hs/datasheet.yaml	
ready	canon-powershot-sx720-hs	fixed	Canon PowerShot SX720 HS	catalog/data_sheets/canon/canon-powershot-sx720-hs/datasheet.yaml	
ready	canon-powershot-sx730-hs	fixed	Canon PowerShot SX730 HS	catalog/data_sheets/canon/canon-powershot-sx730-hs/datasheet.yaml	
ready	canon-powershot-sx740-hs	fixed	Canon PowerShot SX740 HS	catalog/data_sheets/canon/canon-powershot-sx740-hs/datasheet.yaml	
ready	canon-powershot-tx1	fixed	Canon PowerShot TX1	catalog/data_sheets/canon/canon-powershot-tx1/datasheet.yaml	
ready	canon-powershot-v10	fixed	Canon PowerShot V10	catalog/data_sheets/canon/canon-powershot-v10/datasheet.yaml	
